turista_id,latitud,longitud,timestamp,tipo_turista,lugar_frecuentado
1,-43.095543,-73.597535,2026-04-06 02:33:27,internacional,Quellón
2,-41.871997,-73.847252,2026-12-13 11:42:58,nacional,Ancud
3,-42.628505,-74.106014,2026-03-26 21:51:13,internacional,Cucao
4,-42.643118,-74.121917,2026-10-06 01:47:11,residente,Cucao
5,-41.8835,-73.81574,2026-12-04 14:27:58,nacional,Ancud
6,-41.874955,-73.835853,2026-03-02 09:10:26,internacional,Ancud
7,-42.364508,-73.640259,2026-05-20 09:55:49,excursionista,Dalcahue
8,-42.625089,-74.102757,2026-06-28 10:09:00,nacional,Cucao
9,-42.610406,-73.765076,2026-09-02 03:20:51,excursionista,Chonchi
10,-42.622176,-74.10171,2026-09-14 19:25:15,internacional,Cucao
11,-42.343359,-73.654082,2026-12-03 12:12:47,nacional,Dalcahue
12,-42.628073,-73.747015,2026-05-22 16:28:56,internacional,Chonchi
13,-42.395068,-73.629644,2026-09-30 13:26:21,nacional,Dalcahue
14,-42.639315,-74.124787,2026-04-06 01:48:11,internacional,Cucao
15,-42.663092,-73.734859,2026-09-06 13:13:48,internacional,Chonchi
16,-43.132052,-73.589109,2026-01-22 17:22:46,internacional,Quellón
17,-42.47642,-73.779149,2026-01-26 16:55:21,internacional,Castro
18,-42.613441,-74.119069,2026-09-12 13:07:52,residente,Cucao
19,-42.604259,-73.78932,2026-02-25 11:39:35,excursionista,Chonchi
20,-41.86921,-73.797196,2026-04-13 00:55:45,residente,Ancud
21,-42.634819,-74.100616,2026-02-23 17:20:43,residente,Cucao
22,-42.481301,-73.797742,2026-03-01 08:35:03,internacional,Castro
23,-43.123957,-73.613536,2026-05-29 04:56:58,residente,Quellón
24,-42.624803,-74.085252,2026-01-05 11:00:39,nacional,Cucao
25,-43.095716,-73.636476,2026-10-26 11:51:33,excursionista,Quellón
26,-42.485451,-73.75183,2026-01-02 06:14:54,excursionista,Castro
27,-42.622991,-74.129468,2026-02-11 07:49:14,excursionista,Cucao
28,-43.130174,-73.617177,2026-05-26 05:07:46,internacional,Quellón
29,-42.585622,-74.119824,2026-12-23 16:58:47,nacional,Cucao
30,-42.626204,-74.10491,2026-12-27 19:49:36,excursionista,Cucao
31,-42.377715,-73.637466,2026-08-09 08:08:59,nacional,Dalcahue
32,-42.486357,-73.794908,2026-10-23 09:19:33,internacional,Castro
33,-41.893124,-73.857083,2026-03-06 03:05:41,excursionista,Ancud
34,-42.611466,-74.121665,2026-03-24 06:06:08,internacional,Cucao
35,-43.14042,-73.562201,2026-09-10 09:18:09,excursionista,Quellón
36,-42.607669,-73.783834,2026-04-07 06:38:52,internacional,Chonchi
37,-42.495205,-73.741599,2026-03-31 08:49:29,internacional,Castro
38,-42.459667,-73.751033,2026-03-30 21:53:31,nacional,Castro
39,-42.478213,-73.767327,2026-04-03 10:21:50,excursionista,Castro
40,-43.140514,-73.614549,2026-10-08 22:08:04,residente,Quellón
41,-41.862648,-73.852205,2026-03-15 22:44:56,nacional,Ancud
42,-42.491712,-73.776157,2026-06-09 15:45:03,residente,Castro
43,-43.093498,-73.607852,2026-09-08 22:49:54,nacional,Quellón
44,-42.496015,-73.752587,2026-12-01 15:22:12,nacional,Castro
45,-41.861693,-73.799471,2026-02-24 10:35:37,residente,Ancud
46,-41.872135,-73.806872,2026-12-25 13:27:32,nacional,Ancud
47,-42.610966,-73.805306,2026-02-08 00:34:31,nacional,Chonchi
48,-43.083971,-73.616754,2026-02-06 05:16:19,internacional,Quellón
49,-41.886862,-73.808858,2026-12-02 19:07:32,residente,Ancud
50,-42.481996,-73.760984,2026-06-01 14:59:40,excursionista,Castro
51,-42.629707,-73.745079,2026-10-11 16:48:10,residente,Chonchi
52,-41.865049,-73.808575,2026-01-23 17:06:13,nacional,Ancud
53,-43.120446,-73.611281,2026-07-05 03:59:27,internacional,Quellón
54,-42.475466,-73.763794,2026-03-14 04:00:51,nacional,Castro
55,-42.592003,-74.093268,2026-06-06 19:27:39,nacional,Cucao
56,-42.624025,-74.083921,2026-08-29 13:03:14,nacional,Cucao
57,-42.636371,-73.791608,2026-05-03 20:46:50,excursionista,Chonchi
58,-41.877255,-73.833986,2026-04-14 03:42:24,residente,Ancud
59,-41.876882,-73.833699,2026-05-03 18:59:06,nacional,Ancud
60,-42.54515,-73.74522,2026-02-08 19:53:34,nacional,Castro
61,-42.621358,-74.094346,2026-12-29 10:36:28,excursionista,Cucao
62,-42.470051,-73.773893,2026-03-03 06:18:25,residente,Castro
63,-42.631725,-74.131811,2026-11-10 10:43:00,nacional,Cucao
64,-43.111986,-73.630454,2026-09-15 15:13:51,nacional,Quellón
65,-41.873131,-73.782659,2026-10-16 07:49:30,internacional,Ancud
66,-42.381054,-73.638666,2026-05-14 03:52:33,internacional,Dalcahue
67,-43.12757,-73.627127,2026-07-09 17:26:48,excursionista,Quellón
68,-42.466795,-73.751647,2026-04-18 10:50:47,nacional,Castro
69,-42.487377,-73.753752,2026-04-12 17:36:00,internacional,Castro
70,-43.144493,-73.606539,2026-08-06 20:01:51,nacional,Quellón
71,-42.449396,-73.745017,2026-12-18 01:13:29,internacional,Castro
72,-42.607761,-74.104222,2026-08-03 13:54:25,internacional,Cucao
73,-42.612842,-73.761106,2026-12-16 03:06:53,nacional,Chonchi
74,-42.375215,-73.637588,2026-02-09 22:06:21,excursionista,Dalcahue
75,-42.610877,-74.120332,2026-08-30 00:59:04,internacional,Cucao
76,-41.837243,-73.8573,2026-11-11 20:56:24,internacional,Ancud
77,-42.594555,-73.76764,2026-05-10 00:11:34,residente,Chonchi
78,-43.096625,-73.641364,2026-04-14 14:48:34,internacional,Quellón
79,-43.089792,-73.593666,2026-11-30 10:40:08,residente,Quellón
80,-41.857143,-73.782004,2026-05-16 19:03:09,excursionista,Ancud
81,-41.865223,-73.794241,2026-06-04 17:58:19,excursionista,Ancud
82,-42.347667,-73.686176,2026-04-19 09:38:00,excursionista,Dalcahue
83,-43.145307,-73.618204,2026-11-24 15:29:31,excursionista,Quellón
84,-42.446843,-73.730339,2026-03-11 08:22:21,excursionista,Castro
85,-42.467667,-73.749897,2026-10-10 22:31:55,excursionista,Castro
86,-42.640522,-73.785533,2026-05-30 14:16:53,internacional,Chonchi
87,-42.360078,-73.645496,2026-07-21 22:00:31,internacional,Dalcahue
88,-42.418469,-73.632435,2026-12-24 14:12:23,excursionista,Dalcahue
89,-42.638258,-74.07594,2026-10-07 12:35:45,excursionista,Cucao
90,-42.631312,-74.090922,2026-06-06 06:38:36,excursionista,Cucao
91,-42.611498,-74.094616,2026-05-28 05:53:24,internacional,Cucao
92,-42.641269,-74.11583,2026-11-20 18:52:54,nacional,Cucao
93,-42.382986,-73.632229,2026-08-14 05:50:59,excursionista,Dalcahue
94,-42.648824,-73.762539,2026-07-18 12:29:13,residente,Chonchi
95,-43.114537,-73.609967,2026-07-20 04:21:39,excursionista,Quellón
96,-42.470087,-73.789289,2026-09-19 06:54:36,excursionista,Castro
97,-41.866163,-73.829828,2026-01-18 22:44:35,internacional,Ancud
98,-42.647167,-73.792016,2026-06-26 20:47:10,residente,Chonchi
99,-43.143676,-73.629716,2026-05-30 02:56:19,residente,Quellón
100,-42.622606,-73.745921,2026-01-03 03:40:53,nacional,Chonchi
101,-42.617277,-73.740319,2026-09-28 06:22:04,residente,Chonchi
102,-42.520219,-73.776189,2026-02-17 03:08:38,residente,Castro
103,-41.861219,-73.845633,2026-08-06 01:33:40,excursionista,Ancud
104,-42.645399,-73.790855,2026-07-16 00:52:24,residente,Chonchi
105,-42.634593,-74.104567,2026-12-01 13:42:52,residente,Cucao
106,-42.624383,-73.758657,2026-09-05 15:26:07,excursionista,Chonchi
107,-42.637849,-74.106814,2026-06-20 19:54:35,nacional,Cucao
108,-43.121391,-73.602626,2026-05-05 03:54:32,nacional,Quellón
109,-41.859377,-73.805934,2026-03-01 08:14:53,internacional,Ancud
110,-42.496482,-73.753775,2026-06-30 22:43:45,residente,Castro
111,-42.477566,-73.743895,2026-12-18 09:42:21,nacional,Castro
112,-42.62603,-74.106763,2026-05-17 14:37:46,excursionista,Cucao
113,-42.596622,-73.807689,2026-06-12 17:33:41,internacional,Chonchi
114,-42.619922,-73.753295,2026-01-12 06:31:51,residente,Chonchi
115,-42.394312,-73.678908,2026-10-09 05:51:34,internacional,Dalcahue
116,-42.579343,-73.796697,2026-07-27 10:23:35,nacional,Chonchi
117,-42.645845,-73.786691,2026-02-02 14:26:49,residente,Chonchi
118,-41.862062,-73.828763,2026-04-12 00:49:57,residente,Ancud
119,-42.374779,-73.635248,2026-10-23 15:10:30,residente,Dalcahue
120,-42.378171,-73.684791,2026-04-08 23:20:27,nacional,Dalcahue
121,-42.601352,-73.769477,2026-05-16 21:52:00,internacional,Chonchi
122,-43.077134,-73.597709,2026-01-16 15:13:58,nacional,Quellón
123,-41.868557,-73.816831,2026-03-01 04:18:23,internacional,Ancud
124,-41.87845,-73.818833,2026-03-26 15:34:36,residente,Ancud
125,-43.118877,-73.599343,2026-08-24 07:19:45,nacional,Quellón
126,-41.861301,-73.822193,2026-01-10 23:20:24,excursionista,Ancud
127,-42.644592,-74.148809,2026-06-04 01:05:14,internacional,Cucao
128,-42.510996,-73.78055,2026-04-05 07:31:13,nacional,Castro
129,-43.113261,-73.651331,2026-08-22 04:14:30,nacional,Quellón
130,-42.621215,-74.124376,2026-06-16 08:46:20,excursionista,Cucao
131,-42.499034,-73.762616,2026-11-26 22:37:07,residente,Castro
132,-42.587497,-73.743999,2026-09-04 20:04:57,residente,Chonchi
133,-43.111785,-73.607413,2026-07-22 15:01:55,excursionista,Quellón
134,-42.616599,-74.128995,2026-07-07 18:31:24,residente,Cucao
135,-42.612552,-73.793639,2026-05-06 04:05:47,internacional,Chonchi
136,-42.486162,-73.742618,2026-10-19 10:56:45,residente,Castro
137,-42.638115,-74.119328,2026-01-12 03:30:12,residente,Cucao
138,-42.373438,-73.639493,2026-11-06 20:20:11,excursionista,Dalcahue
139,-42.383091,-73.62698,2026-12-08 19:11:42,excursionista,Dalcahue
140,-42.58091,-74.10531,2026-02-03 05:58:14,internacional,Cucao
141,-43.137264,-73.603892,2026-04-04 07:58:53,residente,Quellón
142,-43.122861,-73.635666,2026-01-07 16:43:07,nacional,Quellón
143,-42.373698,-73.623622,2026-04-29 22:02:49,excursionista,Dalcahue
144,-42.639198,-73.777647,2026-10-17 16:37:19,excursionista,Chonchi
145,-42.382777,-73.664486,2026-04-08 15:15:07,internacional,Dalcahue
146,-42.485413,-73.77742,2026-10-16 12:09:12,internacional,Castro
147,-41.865358,-73.800048,2026-10-09 09:37:18,excursionista,Ancud
148,-42.475114,-73.7751,2026-05-21 03:39:19,internacional,Castro
149,-42.35644,-73.648825,2026-04-17 12:46:00,nacional,Dalcahue
150,-42.508882,-73.771157,2026-02-19 01:00:36,residente,Castro
151,-42.466211,-73.778866,2026-07-02 07:05:47,residente,Castro
152,-42.648802,-73.732875,2026-04-09 01:16:08,residente,Chonchi
153,-42.474626,-73.778377,2026-01-29 18:29:45,nacional,Castro
154,-41.855995,-73.801635,2026-04-28 23:57:08,nacional,Ancud
155,-41.847185,-73.799565,2026-08-24 11:17:24,internacional,Ancud
156,-42.65336,-74.08122,2026-04-26 11:31:55,residente,Cucao
157,-42.384364,-73.653452,2026-10-15 10:07:56,nacional,Dalcahue
158,-41.879648,-73.830312,2026-02-01 12:43:19,internacional,Ancud
159,-41.866425,-73.813988,2026-01-02 00:56:22,residente,Ancud
160,-42.63114,-73.791027,2026-01-13 16:13:31,internacional,Chonchi
161,-42.386093,-73.677828,2026-06-26 07:52:43,nacional,Dalcahue
162,-43.116733,-73.602566,2026-11-04 06:57:48,internacional,Quellón
163,-42.613952,-73.763719,2026-02-27 20:40:54,excursionista,Chonchi
164,-41.85993,-73.815597,2026-04-30 11:08:59,excursionista,Ancud
165,-42.604077,-73.752835,2026-09-29 17:59:26,residente,Chonchi
166,-42.399604,-73.650862,2026-02-01 05:46:20,nacional,Dalcahue
167,-42.625976,-73.796575,2026-01-11 01:04:41,nacional,Chonchi
168,-41.83645,-73.828413,2026-08-12 09:14:39,nacional,Ancud
169,-43.107967,-73.637852,2026-10-24 08:41:29,internacional,Quellón
170,-42.642912,-73.774512,2026-04-19 00:36:25,internacional,Chonchi
171,-42.654983,-74.095152,2026-02-05 10:26:27,residente,Cucao
172,-42.391886,-73.642174,2026-02-10 14:56:29,internacional,Dalcahue
173,-42.396493,-73.639703,2026-09-15 07:43:34,residente,Dalcahue
174,-42.617076,-74.106334,2026-04-09 00:31:40,excursionista,Cucao
175,-42.464603,-73.765412,2026-07-19 20:23:04,nacional,Castro
176,-43.104539,-73.631264,2026-01-22 01:13:07,internacional,Quellón
177,-42.644143,-74.085007,2026-08-31 21:13:55,residente,Cucao
178,-42.476063,-73.740238,2026-12-27 06:32:12,excursionista,Castro
179,-42.608415,-73.786309,2026-01-12 05:04:57,internacional,Chonchi
180,-43.105802,-73.597497,2026-08-03 11:21:22,residente,Quellón
181,-42.477132,-73.727892,2026-02-14 01:32:03,residente,Castro
182,-42.488839,-73.770332,2026-12-29 04:57:23,excursionista,Castro
183,-42.629758,-74.126027,2026-07-07 09:13:19,residente,Cucao
184,-41.879393,-73.817601,2026-03-16 00:37:02,internacional,Ancud
185,-42.487821,-73.73063,2026-06-11 03:32:37,excursionista,Castro
186,-42.624739,-74.106817,2026-10-09 23:17:08,excursionista,Cucao
187,-42.647774,-74.120825,2026-12-03 00:48:47,internacional,Cucao
188,-42.639678,-73.776176,2026-08-03 08:14:35,residente,Chonchi
189,-42.590453,-73.787078,2026-09-28 21:09:23,internacional,Chonchi
190,-42.650881,-74.084327,2026-06-09 12:42:05,nacional,Cucao
191,-42.379536,-73.678919,2026-11-12 02:52:44,residente,Dalcahue
192,-42.591767,-73.774521,2026-09-11 05:15:27,internacional,Chonchi
193,-42.614476,-73.77425,2026-08-18 04:52:49,excursionista,Chonchi
194,-42.468957,-73.775782,2026-07-24 06:13:09,residente,Castro
195,-42.485785,-73.780214,2026-09-12 07:00:15,internacional,Castro
196,-42.52922,-73.752952,2026-05-12 11:37:09,residente,Castro
197,-43.104136,-73.608832,2026-09-19 21:28:02,residente,Quellón
198,-42.4049,-73.677702,2026-07-09 12:00:00,nacional,Dalcahue
199,-42.601491,-74.097504,2026-12-24 15:40:52,excursionista,Cucao
200,-41.87009,-73.8395,2026-02-08 05:33:23,nacional,Ancud
201,-42.615982,-73.759062,2026-01-12 05:48:28,nacional,Chonchi
202,-42.374312,-73.665174,2026-05-26 13:46:19,residente,Dalcahue
203,-41.869024,-73.801761,2026-09-22 18:50:24,internacional,Ancud
204,-41.858503,-73.798301,2026-05-29 13:34:16,internacional,Ancud
205,-42.615059,-73.77741,2026-06-29 02:13:43,excursionista,Chonchi
206,-42.623683,-73.769728,2026-11-09 11:43:25,residente,Chonchi
207,-42.383237,-73.660282,2026-06-21 13:13:11,excursionista,Dalcahue
208,-42.638594,-74.06424,2026-09-26 02:11:17,excursionista,Cucao
209,-42.616837,-73.782111,2026-05-30 09:36:03,residente,Chonchi
210,-42.480717,-73.738628,2026-08-12 05:38:07,excursionista,Castro
211,-43.132139,-73.568879,2026-09-13 15:08:47,residente,Quellón
212,-42.34262,-73.648968,2026-10-30 06:23:24,nacional,Dalcahue
213,-42.625633,-74.14213,2026-12-17 15:57:48,excursionista,Cucao
214,-41.882822,-73.830754,2026-09-05 05:42:31,internacional,Ancud
215,-42.624719,-74.077885,2026-10-26 01:20:45,internacional,Cucao
216,-43.097474,-73.602099,2026-01-16 07:26:42,excursionista,Quellón
217,-42.606825,-73.768631,2026-02-21 00:50:48,nacional,Chonchi
218,-42.387248,-73.634271,2026-03-19 23:32:35,internacional,Dalcahue
219,-42.612341,-74.120136,2026-07-14 21:03:58,excursionista,Cucao
220,-41.871171,-73.786742,2026-07-07 03:08:50,excursionista,Ancud
221,-43.095888,-73.640242,2026-07-01 21:09:53,nacional,Quellón
222,-41.869364,-73.833167,2026-09-20 15:47:38,residente,Ancud
223,-42.645768,-74.084324,2026-01-06 09:43:52,excursionista,Cucao
224,-42.612287,-74.096003,2026-10-18 21:17:38,excursionista,Cucao
225,-42.643432,-74.090642,2026-05-25 06:23:07,nacional,Cucao
226,-43.117789,-73.612568,2026-12-10 09:39:57,excursionista,Quellón
227,-42.623436,-74.1017,2026-11-16 22:53:18,residente,Cucao
228,-43.124139,-73.599143,2026-02-24 06:48:58,nacional,Quellón
229,-42.489624,-73.742243,2026-02-07 17:53:42,internacional,Castro
230,-42.611574,-74.0932,2026-09-18 09:23:04,residente,Cucao
231,-42.625106,-74.118517,2026-06-11 03:00:14,nacional,Cucao
232,-42.655423,-73.800488,2026-04-19 15:22:01,nacional,Chonchi
233,-43.131585,-73.602441,2026-04-02 16:43:45,excursionista,Quellón
234,-42.4655,-73.764059,2026-12-17 04:25:04,excursionista,Castro
235,-42.491967,-73.755025,2026-02-17 10:36:39,residente,Castro
236,-42.496038,-73.784012,2026-08-20 21:48:13,nacional,Castro
237,-42.479518,-73.775092,2026-02-18 21:41:44,internacional,Castro
238,-42.4716,-73.782063,2026-08-16 17:29:11,internacional,Castro
239,-41.874519,-73.811343,2026-12-16 17:33:27,nacional,Ancud
240,-42.372263,-73.658618,2026-02-20 11:36:52,excursionista,Dalcahue
241,-41.841859,-73.79729,2026-02-21 04:29:42,nacional,Ancud
242,-42.375301,-73.663653,2026-05-06 17:46:07,nacional,Dalcahue
243,-41.870604,-73.810972,2026-06-13 11:38:12,nacional,Ancud
244,-43.100114,-73.608967,2026-05-21 14:26:52,nacional,Quellón
245,-42.666997,-73.773247,2026-01-17 20:11:29,excursionista,Chonchi
246,-42.626413,-73.775749,2026-07-06 00:26:05,residente,Chonchi
247,-42.631767,-73.791435,2026-12-20 07:01:34,residente,Chonchi
248,-42.469802,-73.771388,2026-02-27 14:34:17,nacional,Castro
249,-41.87369,-73.795125,2026-08-01 23:03:08,excursionista,Ancud
250,-42.601476,-73.772947,2026-06-26 04:56:03,residente,Chonchi
251,-42.480227,-73.77055,2026-09-12 06:22:01,internacional,Castro
252,-42.635969,-73.768314,2026-05-12 15:04:17,residente,Chonchi
253,-42.630551,-73.768147,2026-06-15 17:43:43,excursionista,Chonchi
254,-43.11957,-73.572017,2026-09-24 17:38:09,residente,Quellón
255,-42.476211,-73.757876,2026-06-17 17:22:51,nacional,Castro
256,-43.120514,-73.649416,2026-08-05 01:45:04,nacional,Quellón
257,-42.602334,-74.114323,2026-09-18 04:58:34,nacional,Cucao
258,-42.639738,-73.751013,2026-10-19 09:09:21,residente,Chonchi
259,-43.104143,-73.611891,2026-05-02 08:14:05,excursionista,Quellón
260,-42.493587,-73.767855,2026-09-13 01:13:33,residente,Castro
261,-41.86011,-73.833986,2026-08-05 00:46:12,excursionista,Ancud
262,-42.480739,-73.785444,2026-11-10 11:50:54,residente,Castro
263,-42.591774,-74.113395,2026-08-27 06:55:02,nacional,Cucao
264,-42.59405,-74.122691,2026-04-14 20:47:36,nacional,Cucao
265,-41.874146,-73.790108,2026-12-24 21:21:08,excursionista,Ancud
266,-42.342276,-73.649406,2026-08-08 22:29:42,residente,Dalcahue
267,-42.466583,-73.742168,2026-01-12 21:44:41,nacional,Castro
268,-43.135367,-73.619929,2026-06-26 04:17:06,excursionista,Quellón
269,-41.889412,-73.799323,2026-10-29 16:37:57,nacional,Ancud
270,-42.465736,-73.73699,2026-01-20 07:49:12,nacional,Castro
271,-42.396312,-73.644185,2026-08-24 18:21:30,residente,Dalcahue
272,-42.627979,-73.742332,2026-02-14 04:51:21,excursionista,Chonchi
273,-42.602811,-73.754805,2026-08-19 08:24:42,residente,Chonchi
274,-42.62733,-74.112861,2026-06-03 12:07:18,nacional,Cucao
275,-42.470342,-73.72037,2026-10-26 00:12:57,internacional,Castro
276,-42.380833,-73.641977,2026-07-13 03:58:02,residente,Dalcahue
277,-41.854421,-73.804195,2026-03-31 08:47:14,excursionista,Ancud
278,-42.506248,-73.744145,2026-06-19 09:51:40,nacional,Castro
279,-42.592076,-73.789232,2026-08-12 14:27:51,residente,Chonchi
280,-42.645832,-74.093558,2026-04-23 10:28:38,nacional,Cucao
281,-42.607785,-73.770116,2026-11-08 04:51:49,residente,Chonchi
282,-43.11143,-73.620335,2026-11-24 23:09:53,nacional,Quellón
283,-41.88644,-73.81314,2026-01-31 13:02:38,residente,Ancud
284,-42.378936,-73.663536,2026-10-30 13:54:17,internacional,Dalcahue
285,-42.491438,-73.762583,2026-07-18 01:05:51,internacional,Castro
286,-42.405516,-73.614287,2026-09-08 15:57:52,internacional,Dalcahue
287,-41.858647,-73.811968,2026-03-09 09:07:41,internacional,Ancud
288,-43.078816,-73.596423,2026-09-01 20:54:24,residente,Quellón
289,-42.622751,-73.802593,2026-06-24 08:06:00,excursionista,Chonchi
290,-43.126022,-73.598873,2026-07-02 02:39:40,residente,Quellón
291,-43.1229,-73.602962,2026-01-22 19:33:43,excursionista,Quellón
292,-42.606703,-74.099095,2026-01-15 14:31:29,nacional,Cucao
293,-42.375068,-73.657066,2026-12-02 15:23:38,nacional,Dalcahue
294,-42.639324,-74.117983,2026-08-14 09:03:43,nacional,Cucao
295,-42.603885,-73.784877,2026-03-15 02:31:08,excursionista,Chonchi
296,-42.634774,-74.10653,2026-01-25 00:42:16,residente,Cucao
297,-42.469777,-73.793821,2026-10-05 09:54:12,nacional,Castro
298,-42.627689,-74.112141,2026-10-02 19:30:44,residente,Cucao
299,-42.648013,-73.77592,2026-05-22 07:46:29,excursionista,Chonchi
300,-42.402212,-73.630612,2026-09-21 15:47:07,nacional,Dalcahue
301,-43.122198,-73.621911,2026-02-06 16:51:33,residente,Quellón
302,-42.379041,-73.615644,2026-12-18 23:43:34,internacional,Dalcahue
303,-42.355438,-73.63778,2026-12-23 00:41:46,excursionista,Dalcahue
304,-42.351299,-73.656419,2026-06-02 05:18:47,internacional,Dalcahue
305,-42.626537,-74.115422,2026-08-06 01:31:52,residente,Cucao
306,-43.109667,-73.648448,2026-09-18 05:56:15,nacional,Quellón
307,-43.128481,-73.635429,2026-01-08 01:55:15,excursionista,Quellón
308,-42.373297,-73.639483,2026-10-25 13:05:36,residente,Dalcahue
309,-41.868262,-73.810613,2026-01-30 23:13:50,excursionista,Ancud
310,-42.504999,-73.763083,2026-10-14 20:39:39,nacional,Castro
311,-43.134116,-73.590356,2026-02-20 21:27:56,residente,Quellón
312,-41.851909,-73.791371,2026-10-27 11:09:09,internacional,Ancud
313,-43.135314,-73.609533,2026-09-20 16:09:33,internacional,Quellón
314,-42.646702,-73.791458,2026-11-01 09:32:55,residente,Chonchi
315,-41.884838,-73.823585,2026-11-11 00:55:14,residente,Ancud
316,-41.899144,-73.78808,2026-06-21 02:39:55,residente,Ancud
317,-42.374859,-73.671751,2026-06-12 14:12:06,internacional,Dalcahue
318,-41.86659,-73.82962,2026-04-08 02:11:55,nacional,Ancud
319,-43.13541,-73.614491,2026-12-29 20:14:49,nacional,Quellón
320,-43.098289,-73.645547,2026-04-21 16:58:47,nacional,Quellón
321,-41.875278,-73.781618,2026-02-27 05:23:20,residente,Ancud
322,-42.470561,-73.766214,2026-06-25 04:49:03,excursionista,Castro
323,-42.498164,-73.752782,2026-05-26 05:34:25,internacional,Castro
324,-42.606161,-73.7728,2026-01-11 22:43:37,excursionista,Chonchi
325,-42.468739,-73.784093,2026-11-04 08:12:07,internacional,Castro
326,-41.83066,-73.810719,2026-07-03 11:35:56,internacional,Ancud
327,-43.142615,-73.611801,2026-12-18 19:12:13,nacional,Quellón
328,-42.483871,-73.727856,2026-08-02 03:13:34,residente,Castro
329,-42.480429,-73.775081,2026-02-17 07:42:32,nacional,Castro
330,-41.897717,-73.804857,2026-06-27 12:36:27,nacional,Ancud
331,-42.471622,-73.780122,2026-07-28 04:23:00,nacional,Castro
332,-43.131535,-73.617892,2026-02-25 18:13:59,excursionista,Quellón
333,-42.606809,-73.772035,2026-08-10 14:58:16,residente,Chonchi
334,-41.873603,-73.82684,2026-05-21 01:04:14,nacional,Ancud
335,-42.655022,-74.116749,2026-07-17 03:23:07,nacional,Cucao
336,-42.619842,-73.776037,2026-05-31 05:59:42,excursionista,Chonchi
337,-42.378885,-73.667717,2026-01-27 05:42:02,excursionista,Dalcahue
338,-41.872409,-73.845477,2026-10-27 14:54:50,excursionista,Ancud
339,-41.847951,-73.81408,2026-11-12 22:27:07,internacional,Ancud
340,-43.145271,-73.610481,2026-09-03 08:12:17,internacional,Quellón
341,-41.840971,-73.808273,2026-06-27 17:52:58,nacional,Ancud
342,-42.36906,-73.620407,2026-12-11 00:09:53,nacional,Dalcahue
343,-42.358805,-73.659608,2026-11-13 16:08:07,residente,Dalcahue
344,-42.353312,-73.644876,2026-04-22 02:44:48,excursionista,Dalcahue
345,-42.471848,-73.774073,2026-02-18 08:11:28,excursionista,Castro
346,-42.600788,-73.791196,2026-12-14 10:37:32,residente,Chonchi
347,-42.357809,-73.654264,2026-07-13 05:15:14,excursionista,Dalcahue
348,-42.625384,-74.100666,2026-06-14 20:37:25,nacional,Cucao
349,-42.650365,-73.792283,2026-07-31 20:11:23,excursionista,Chonchi
350,-42.365774,-73.641157,2026-04-25 19:33:50,excursionista,Dalcahue
351,-42.638761,-73.783601,2026-09-25 21:04:26,residente,Chonchi
352,-42.406012,-73.641343,2026-12-21 00:47:42,excursionista,Dalcahue
353,-42.610179,-74.108268,2026-11-04 09:06:28,nacional,Cucao
354,-42.491334,-73.77817,2026-07-19 06:18:29,internacional,Castro
355,-42.46724,-73.742759,2026-10-31 10:21:19,residente,Castro
356,-42.473334,-73.752589,2026-09-08 13:21:13,excursionista,Castro
357,-42.395866,-73.635159,2026-08-23 23:53:33,internacional,Dalcahue
358,-43.134681,-73.611236,2026-06-22 09:48:50,nacional,Quellón
359,-42.613437,-74.094998,2026-05-03 02:17:04,excursionista,Cucao
360,-41.865702,-73.821313,2026-03-14 06:05:36,residente,Ancud
361,-42.642131,-74.093029,2026-04-12 15:56:07,excursionista,Cucao
362,-43.175127,-73.596618,2026-04-21 21:46:09,residente,Quellón
363,-41.844416,-73.795756,2026-06-25 13:20:35,internacional,Ancud
364,-43.125462,-73.613991,2026-09-22 20:02:28,excursionista,Quellón
365,-43.12199,-73.611202,2026-07-30 13:24:12,excursionista,Quellón
366,-42.361715,-73.673627,2026-12-27 03:17:25,internacional,Dalcahue
367,-42.387743,-73.651303,2026-03-20 01:16:22,internacional,Dalcahue
368,-41.868657,-73.824322,2026-08-04 03:51:14,excursionista,Ancud
369,-42.616058,-73.793716,2026-08-26 15:46:19,nacional,Chonchi
370,-42.508496,-73.695732,2026-10-07 04:21:03,residente,Castro
371,-42.640247,-74.098279,2026-08-12 06:27:40,nacional,Cucao
372,-41.844276,-73.824757,2026-06-24 18:03:58,residente,Ancud
373,-43.127578,-73.617627,2026-11-18 23:20:26,internacional,Quellón
374,-41.905773,-73.804045,2026-01-22 12:29:06,nacional,Ancud
375,-42.61842,-74.099246,2026-05-06 07:24:58,internacional,Cucao
376,-42.358,-73.657855,2026-04-21 07:31:19,nacional,Dalcahue
377,-42.363688,-73.608292,2026-04-17 14:04:08,internacional,Dalcahue
378,-43.125443,-73.595585,2026-07-15 04:19:16,internacional,Quellón
379,-42.614876,-74.111837,2026-09-13 19:50:07,excursionista,Cucao
380,-42.589856,-74.098901,2026-02-01 13:03:06,nacional,Cucao
381,-43.116341,-73.630591,2026-03-23 20:52:35,residente,Quellón
382,-42.638174,-74.124298,2026-09-01 13:35:32,excursionista,Cucao
383,-43.098288,-73.622162,2026-11-09 12:14:13,residente,Quellón
384,-42.404933,-73.642888,2026-03-03 09:24:59,residente,Dalcahue
385,-42.6357,-73.770999,2026-08-24 14:29:00,internacional,Chonchi
386,-42.368423,-73.66287,2026-12-01 07:01:35,excursionista,Dalcahue
387,-42.611805,-73.759518,2026-08-07 02:58:07,nacional,Chonchi
388,-42.378122,-73.641609,2026-06-24 14:32:18,internacional,Dalcahue
389,-41.857469,-73.811783,2026-05-30 04:32:09,residente,Ancud
390,-41.831939,-73.829319,2026-11-12 22:09:47,excursionista,Ancud
391,-42.626707,-74.119588,2026-03-03 21:10:44,residente,Cucao
392,-42.660798,-74.100441,2026-07-13 03:49:37,nacional,Cucao
393,-42.462492,-73.769206,2026-04-04 11:45:12,internacional,Castro
394,-42.628092,-74.103473,2026-07-12 04:44:53,residente,Cucao
395,-42.412566,-73.658772,2026-06-17 08:32:16,internacional,Dalcahue
396,-42.382908,-73.681077,2026-05-23 02:47:00,nacional,Dalcahue
397,-42.601661,-73.764895,2026-05-21 18:57:59,excursionista,Chonchi
398,-42.497482,-73.749102,2026-08-02 13:02:22,excursionista,Castro
399,-42.628434,-74.116301,2026-02-07 13:08:12,residente,Cucao
400,-42.37404,-73.666534,2026-12-31 15:38:05,excursionista,Dalcahue
401,-41.862944,-73.799918,2026-07-14 05:03:50,nacional,Ancud
402,-42.454982,-73.75511,2026-11-09 05:30:17,residente,Castro
403,-42.648284,-74.101539,2026-07-20 04:51:42,internacional,Cucao
404,-42.364279,-73.657389,2026-06-02 14:36:07,excursionista,Dalcahue
405,-42.642051,-74.079165,2026-07-26 17:46:00,residente,Cucao
406,-43.137055,-73.624469,2026-01-07 11:04:03,excursionista,Quellón
407,-42.401779,-73.695459,2026-08-15 16:29:53,excursionista,Dalcahue
408,-43.1006,-73.634854,2026-08-20 19:36:03,residente,Quellón
409,-42.34781,-73.657263,2026-10-29 10:21:15,internacional,Dalcahue
410,-43.098664,-73.610068,2026-07-23 14:11:58,residente,Quellón
411,-41.863866,-73.83237,2026-08-11 08:44:30,nacional,Ancud
412,-41.854192,-73.818446,2026-02-28 19:26:29,residente,Ancud
413,-43.11213,-73.596236,2026-08-26 11:23:18,residente,Quellón
414,-43.122184,-73.644473,2026-07-21 10:28:40,internacional,Quellón
415,-42.636647,-74.084474,2026-07-24 01:48:07,residente,Cucao
416,-42.359363,-73.656169,2026-07-27 01:06:15,excursionista,Dalcahue
417,-42.64346,-74.083559,2026-10-07 23:30:14,excursionista,Cucao
418,-42.669588,-74.103613,2026-04-19 08:31:41,excursionista,Cucao
419,-41.822001,-73.838672,2026-10-27 11:51:54,excursionista,Ancud
420,-43.110741,-73.589482,2026-05-04 03:02:02,residente,Quellón
421,-42.417626,-73.66639,2026-10-08 06:23:58,excursionista,Dalcahue
422,-42.359103,-73.632054,2026-05-28 11:00:22,residente,Dalcahue
423,-42.347386,-73.659952,2026-04-23 19:12:53,nacional,Dalcahue
424,-42.371582,-73.652824,2026-12-25 20:23:38,residente,Dalcahue
425,-43.119032,-73.59606,2026-03-20 11:24:37,excursionista,Quellón
426,-42.627846,-74.117328,2026-08-28 02:31:33,internacional,Cucao
427,-41.832599,-73.808048,2026-03-29 15:24:43,internacional,Ancud
428,-42.469572,-73.75251,2026-07-03 11:07:24,nacional,Castro
429,-43.117961,-73.618419,2026-08-02 17:39:27,internacional,Quellón
430,-42.644866,-73.802617,2026-07-04 17:50:31,residente,Chonchi
431,-43.103712,-73.572524,2026-05-05 17:29:59,excursionista,Quellón
432,-43.089502,-73.605412,2026-09-11 07:51:53,internacional,Quellón
433,-42.627092,-74.143094,2026-01-15 11:38:41,internacional,Cucao
434,-42.615334,-73.779746,2026-12-24 03:37:03,nacional,Chonchi
435,-42.620869,-73.783431,2026-10-18 21:12:56,excursionista,Chonchi
436,-42.459319,-73.760643,2026-02-11 16:06:53,excursionista,Castro
437,-42.403323,-73.643508,2026-07-23 15:00:10,residente,Dalcahue
438,-41.857704,-73.836582,2026-03-16 21:07:56,nacional,Ancud
439,-42.368176,-73.633791,2026-04-10 21:52:56,internacional,Dalcahue
440,-42.485274,-73.793726,2026-08-09 12:06:16,internacional,Castro
441,-41.889392,-73.836791,2026-06-07 11:26:39,residente,Ancud
442,-42.633168,-74.092022,2026-02-07 01:03:13,internacional,Cucao
443,-41.911462,-73.814344,2026-01-03 15:39:40,excursionista,Ancud
444,-42.620862,-73.742189,2026-05-09 00:19:49,excursionista,Chonchi
445,-42.625063,-74.11079,2026-09-11 20:46:14,excursionista,Cucao
446,-43.115903,-73.589977,2026-06-30 17:47:44,excursionista,Quellón
447,-41.887324,-73.80839,2026-12-14 15:06:28,excursionista,Ancud
448,-43.088544,-73.589644,2026-04-25 13:56:59,excursionista,Quellón
449,-42.616365,-74.063641,2026-07-05 16:58:42,internacional,Cucao
450,-42.62395,-73.796756,2026-06-11 11:57:43,residente,Chonchi
451,-42.613804,-74.139961,2026-10-23 21:02:46,internacional,Cucao
452,-43.117111,-73.653161,2026-02-01 19:05:11,residente,Quellón
453,-42.626679,-74.115055,2026-08-08 02:26:01,nacional,Cucao
454,-42.464136,-73.796207,2026-03-20 12:14:15,internacional,Castro
455,-41.879985,-73.801057,2026-02-15 03:26:07,internacional,Ancud
456,-43.125012,-73.620522,2026-07-18 05:02:35,residente,Quellón
457,-42.503282,-73.75577,2026-06-27 09:40:13,nacional,Castro
458,-42.656338,-74.100455,2026-10-08 21:27:32,nacional,Cucao
459,-42.623639,-73.770802,2026-03-26 14:59:14,nacional,Chonchi
460,-42.507396,-73.749109,2026-07-30 04:00:33,nacional,Castro
461,-42.462332,-73.76377,2026-04-22 11:52:45,residente,Castro
462,-41.866053,-73.850753,2026-10-11 05:28:14,residente,Ancud
463,-42.360944,-73.651593,2026-12-04 17:26:54,residente,Dalcahue
464,-42.582939,-73.749763,2026-12-06 15:25:53,internacional,Chonchi
465,-43.112421,-73.62356,2026-07-28 15:36:43,residente,Quellón
466,-42.589805,-74.072264,2026-11-21 05:06:05,nacional,Cucao
467,-42.462711,-73.764704,2026-10-07 06:26:29,residente,Castro
468,-42.634038,-74.099156,2026-06-28 21:20:19,excursionista,Cucao
469,-41.8765,-73.778473,2026-10-09 13:42:46,nacional,Ancud
470,-42.475749,-73.77947,2026-10-25 12:08:08,nacional,Castro
471,-41.867438,-73.812312,2026-01-14 00:57:12,residente,Ancud
472,-42.641782,-74.140317,2026-04-06 01:05:15,nacional,Cucao
473,-42.644395,-73.763809,2026-10-20 23:23:03,nacional,Chonchi
474,-41.88457,-73.820664,2026-11-13 19:40:44,excursionista,Ancud
475,-42.646564,-74.123623,2026-05-05 12:48:55,internacional,Cucao
476,-42.341212,-73.687601,2026-07-22 10:24:43,internacional,Dalcahue
477,-42.625592,-73.766135,2026-08-18 18:44:14,internacional,Chonchi
478,-43.128127,-73.637273,2026-01-19 04:59:29,excursionista,Quellón
479,-43.133189,-73.644418,2026-05-04 18:49:13,residente,Quellón
480,-42.613247,-73.758097,2026-10-20 23:40:03,residente,Chonchi
481,-41.860802,-73.832654,2026-10-02 19:05:37,internacional,Ancud
482,-42.603701,-73.784012,2026-06-11 18:08:04,internacional,Chonchi
483,-42.623056,-73.760075,2026-09-09 03:44:07,nacional,Chonchi
484,-42.619056,-73.778698,2026-10-09 09:37:08,internacional,Chonchi
485,-42.485718,-73.735243,2026-08-23 03:38:26,nacional,Castro
486,-42.471051,-73.733787,2026-10-09 07:00:50,internacional,Castro
487,-42.613578,-73.734267,2026-04-28 17:55:01,nacional,Chonchi
488,-41.827195,-73.838013,2026-02-15 13:27:58,residente,Ancud
489,-41.879107,-73.846755,2026-06-04 00:52:43,internacional,Ancud
490,-42.630987,-74.094877,2026-07-01 01:46:09,excursionista,Cucao
491,-42.380167,-73.62927,2026-07-13 02:57:37,residente,Dalcahue
492,-42.473211,-73.789246,2026-10-23 18:53:47,excursionista,Castro
493,-41.882498,-73.806792,2026-08-07 11:06:37,internacional,Ancud
494,-43.109688,-73.605494,2026-12-30 00:34:42,residente,Quellón
495,-42.369332,-73.637629,2026-05-28 12:21:47,internacional,Dalcahue
496,-42.664581,-73.785699,2026-05-12 02:19:37,excursionista,Chonchi
497,-42.59838,-73.777587,2026-07-10 12:40:56,residente,Chonchi
498,-41.871512,-73.836974,2026-02-24 08:30:28,residente,Ancud
499,-41.850199,-73.831521,2026-09-07 06:05:51,nacional,Ancud
500,-42.590524,-74.100747,2026-11-14 16:16:28,nacional,Cucao
501,-42.512098,-73.743896,2026-03-31 21:06:56,nacional,Castro
502,-43.110833,-73.606321,2026-06-27 02:19:05,excursionista,Quellón
503,-42.502299,-73.780001,2026-08-28 10:22:36,residente,Castro
504,-43.120267,-73.616442,2026-08-03 05:41:26,residente,Quellón
505,-42.45395,-73.758978,2026-07-28 01:26:27,excursionista,Castro
506,-42.510446,-73.762388,2026-06-17 05:13:59,internacional,Castro
507,-42.463501,-73.772807,2026-04-04 13:59:32,internacional,Castro
508,-42.657223,-74.113573,2026-04-14 19:38:49,residente,Cucao
509,-42.495431,-73.74885,2026-08-08 10:12:07,internacional,Castro
510,-43.114071,-73.58959,2026-11-26 06:41:39,nacional,Quellón
511,-43.092157,-73.617964,2026-01-13 07:19:15,nacional,Quellón
512,-42.640172,-73.756493,2026-01-22 19:01:44,nacional,Chonchi
513,-43.108154,-73.597944,2026-06-18 12:19:51,excursionista,Quellón
514,-42.576502,-74.114998,2026-12-14 12:03:30,nacional,Cucao
515,-41.861002,-73.785128,2026-12-11 16:36:20,residente,Ancud
516,-42.371825,-73.648759,2026-12-26 11:04:32,excursionista,Dalcahue
517,-42.62889,-74.109909,2026-12-27 16:43:47,excursionista,Cucao
518,-42.459359,-73.767739,2026-10-20 03:31:11,residente,Castro
519,-42.489666,-73.739911,2026-08-09 01:59:19,residente,Castro
520,-43.105336,-73.626382,2026-10-21 10:47:19,internacional,Quellón
521,-43.121629,-73.637539,2026-05-15 07:38:39,nacional,Quellón
522,-42.514331,-73.74876,2026-05-13 06:33:16,residente,Castro
523,-42.364465,-73.648138,2026-06-24 23:25:55,residente,Dalcahue
524,-41.896131,-73.786581,2026-06-17 17:06:52,internacional,Ancud
525,-43.133302,-73.625644,2026-10-27 21:07:18,excursionista,Quellón
526,-41.871411,-73.827549,2026-03-01 21:26:36,residente,Ancud
527,-43.115998,-73.626785,2026-06-01 07:32:24,excursionista,Quellón
528,-42.377159,-73.64966,2026-04-30 17:15:39,residente,Dalcahue
529,-42.378005,-73.659138,2026-02-03 21:40:09,internacional,Dalcahue
530,-42.645325,-73.764966,2026-06-08 11:14:50,nacional,Chonchi
531,-42.463252,-73.749786,2026-08-20 19:44:24,excursionista,Castro
532,-42.605052,-73.770759,2026-10-30 14:22:56,nacional,Chonchi
533,-43.086426,-73.639341,2026-04-05 06:31:27,internacional,Quellón
534,-43.125405,-73.609896,2026-04-27 22:44:48,excursionista,Quellón
535,-42.616977,-73.763557,2026-04-18 04:09:03,residente,Chonchi
536,-42.385767,-73.650088,2026-04-08 18:00:41,internacional,Dalcahue
537,-43.135281,-73.633689,2026-03-17 22:38:29,residente,Quellón
538,-42.481218,-73.760422,2026-06-03 16:06:59,excursionista,Castro
539,-42.650707,-74.08355,2026-06-20 23:10:30,excursionista,Cucao
540,-42.609339,-73.804886,2026-08-19 20:08:36,internacional,Chonchi
541,-42.397358,-73.611366,2026-03-20 00:04:17,residente,Dalcahue
542,-42.370633,-73.634501,2026-05-04 22:34:43,excursionista,Dalcahue
543,-43.125291,-73.63628,2026-08-12 15:35:02,internacional,Quellón
544,-42.402193,-73.627518,2026-06-02 14:25:15,excursionista,Dalcahue
545,-42.47166,-73.766975,2026-07-31 21:37:54,internacional,Castro
546,-43.117735,-73.620779,2026-10-10 10:07:11,residente,Quellón
547,-43.110129,-73.58545,2026-11-19 20:06:28,nacional,Quellón
548,-42.628185,-73.780923,2026-04-28 14:36:17,internacional,Chonchi
549,-42.394089,-73.674759,2026-11-03 10:43:42,residente,Dalcahue
550,-42.505665,-73.754356,2026-08-15 02:54:27,residente,Castro
551,-42.66506,-74.109782,2026-09-26 15:11:38,residente,Cucao
552,-42.578537,-74.097266,2026-09-30 11:42:19,nacional,Cucao
553,-42.479469,-73.788167,2026-05-18 20:55:19,internacional,Castro
554,-43.1358,-73.631666,2026-09-08 12:07:35,residente,Quellón
555,-42.359942,-73.654882,2026-01-05 02:18:44,nacional,Dalcahue
556,-42.373378,-73.621424,2026-08-05 16:52:32,internacional,Dalcahue
557,-42.637716,-73.757927,2026-09-21 21:54:58,internacional,Chonchi
558,-42.357933,-73.651098,2026-04-25 17:37:40,residente,Dalcahue
559,-42.450698,-73.733492,2026-02-25 00:30:30,excursionista,Castro
560,-42.396002,-73.624513,2026-07-22 09:08:32,residente,Dalcahue
561,-42.397712,-73.647916,2026-09-28 14:18:15,residente,Dalcahue
562,-42.373635,-73.64857,2026-10-04 00:56:25,nacional,Dalcahue
563,-42.46742,-73.783121,2026-09-20 23:23:45,internacional,Castro
564,-43.117774,-73.605462,2026-03-04 04:34:22,excursionista,Quellón
565,-42.642537,-74.099154,2026-11-06 19:37:22,residente,Cucao
566,-43.107893,-73.593006,2026-06-17 19:47:06,residente,Quellón
567,-42.485552,-73.799177,2026-06-24 14:20:34,residente,Castro
568,-42.611087,-73.77185,2026-04-19 02:21:42,nacional,Chonchi
569,-42.595312,-74.086324,2026-03-14 14:35:31,excursionista,Cucao
570,-42.37571,-73.642431,2026-09-18 11:23:25,residente,Dalcahue
571,-42.609347,-74.111417,2026-05-31 22:22:49,residente,Cucao
572,-42.61197,-74.097073,2026-06-27 19:34:11,internacional,Cucao
573,-43.122329,-73.63115,2026-08-27 15:24:38,nacional,Quellón
574,-43.112194,-73.609878,2026-04-29 14:20:52,nacional,Quellón
575,-41.876652,-73.813199,2026-05-31 20:44:24,residente,Ancud
576,-42.613129,-74.094606,2026-03-14 03:20:59,residente,Cucao
577,-43.157464,-73.625995,2026-12-28 10:42:19,internacional,Quellón
578,-42.617185,-74.09522,2026-03-14 15:53:06,excursionista,Cucao
579,-42.649976,-73.796785,2026-01-04 17:19:26,residente,Chonchi
580,-41.863712,-73.803625,2026-08-07 02:19:27,residente,Ancud
581,-42.631043,-73.789309,2026-11-23 04:21:32,residente,Chonchi
582,-42.612055,-73.752033,2026-11-06 02:08:51,internacional,Chonchi
583,-42.366023,-73.648179,2026-04-23 02:36:08,internacional,Dalcahue
584,-42.651979,-73.784618,2026-07-12 08:39:17,nacional,Chonchi
585,-42.601173,-74.087653,2026-11-16 17:33:06,excursionista,Cucao
586,-42.622288,-74.112811,2026-10-07 05:22:53,residente,Cucao
587,-42.62088,-74.089528,2026-10-13 19:54:42,internacional,Cucao
588,-42.375346,-73.654062,2026-04-13 01:36:55,excursionista,Dalcahue
589,-42.535973,-73.740507,2026-10-29 05:24:39,internacional,Castro
590,-41.860778,-73.842546,2026-05-17 04:06:58,residente,Ancud
591,-41.893217,-73.841337,2026-11-12 22:38:52,internacional,Ancud
592,-42.502674,-73.771458,2026-08-20 19:07:00,internacional,Castro
593,-42.363752,-73.652771,2026-08-11 10:16:57,excursionista,Dalcahue
594,-42.597566,-74.110572,2026-02-06 23:33:46,internacional,Cucao
595,-42.574478,-73.799702,2026-12-03 17:28:09,internacional,Chonchi
596,-43.109108,-73.626773,2026-10-04 06:40:50,excursionista,Quellón
597,-41.867753,-73.847263,2026-07-10 02:05:09,internacional,Ancud
598,-42.641644,-74.126808,2026-05-26 16:51:34,residente,Cucao
599,-42.507357,-73.789598,2026-02-06 03:42:22,residente,Castro
600,-42.624634,-74.135828,2026-12-07 17:11:25,excursionista,Cucao
601,-42.608349,-73.777129,2026-01-01 23:03:02,nacional,Chonchi
602,-43.09304,-73.621048,2026-09-28 19:12:15,excursionista,Quellón
603,-42.477469,-73.779385,2026-06-16 20:33:50,internacional,Castro
604,-42.627527,-73.738636,2026-05-12 04:06:22,internacional,Chonchi
605,-42.605568,-74.133474,2026-12-14 06:07:31,nacional,Cucao
606,-42.457061,-73.743549,2026-06-28 11:36:45,nacional,Castro
607,-42.473065,-73.766528,2026-06-27 07:03:26,nacional,Castro
608,-42.615485,-73.745929,2026-02-21 05:31:08,excursionista,Chonchi
609,-41.843758,-73.846431,2026-02-06 05:59:30,excursionista,Ancud
610,-42.355485,-73.637631,2026-09-10 00:17:27,internacional,Dalcahue
611,-42.494824,-73.752682,2026-09-29 15:15:57,internacional,Castro
612,-42.63931,-73.795468,2026-01-01 10:07:30,internacional,Chonchi
613,-42.602281,-73.760837,2026-07-21 17:34:16,residente,Chonchi
614,-42.466105,-73.761164,2026-02-16 20:00:55,residente,Castro
615,-43.113546,-73.611506,2026-05-29 18:28:13,nacional,Quellón
616,-43.115307,-73.624487,2026-05-23 17:55:23,excursionista,Quellón
617,-41.894125,-73.798137,2026-12-06 14:54:20,internacional,Ancud
618,-43.108216,-73.617043,2026-07-26 00:41:43,nacional,Quellón
619,-42.635993,-74.123785,2026-10-08 13:33:16,internacional,Cucao
620,-43.11864,-73.657043,2026-08-28 06:14:40,residente,Quellón
621,-41.862616,-73.816008,2026-10-20 05:18:06,nacional,Ancud
622,-42.626699,-74.124722,2026-06-16 18:11:35,excursionista,Cucao
623,-41.86934,-73.79441,2026-04-07 09:05:03,excursionista,Ancud
624,-43.083812,-73.610749,2026-12-07 03:18:03,excursionista,Quellón
625,-41.891052,-73.822691,2026-10-18 10:24:28,residente,Ancud
626,-42.397725,-73.675834,2026-11-05 06:32:50,internacional,Dalcahue
627,-42.633678,-73.763414,2026-09-05 19:21:30,nacional,Chonchi
628,-42.622453,-74.109905,2026-05-21 05:40:45,excursionista,Cucao
629,-41.895765,-73.79785,2026-06-13 10:43:56,excursionista,Ancud
630,-42.637087,-74.135961,2026-10-27 04:20:28,nacional,Cucao
631,-42.485159,-73.763565,2026-03-25 18:52:11,nacional,Castro
632,-42.465401,-73.767746,2026-04-22 06:15:35,residente,Castro
633,-42.625826,-73.779327,2026-07-28 09:08:47,internacional,Chonchi
634,-42.372281,-73.647138,2026-12-24 15:38:30,internacional,Dalcahue
635,-41.887152,-73.824361,2026-09-04 08:03:03,nacional,Ancud
636,-42.387831,-73.678425,2026-11-25 17:39:16,internacional,Dalcahue
637,-42.481181,-73.721094,2026-02-15 01:04:23,residente,Castro
638,-42.636603,-74.117883,2026-10-16 01:05:04,internacional,Cucao
639,-42.472852,-73.761223,2026-01-05 09:47:43,internacional,Castro
640,-42.602646,-73.778572,2026-11-01 01:58:07,excursionista,Chonchi
641,-41.890466,-73.798701,2026-12-06 05:14:16,excursionista,Ancud
642,-43.094821,-73.636844,2026-01-12 09:37:12,excursionista,Quellón
643,-42.6245,-73.765722,2026-10-04 15:20:01,nacional,Chonchi
644,-42.63994,-73.767475,2026-07-14 00:42:09,internacional,Chonchi
645,-42.361542,-73.6249,2026-12-14 07:11:08,nacional,Dalcahue
646,-41.869775,-73.821589,2026-11-30 11:33:41,nacional,Ancud
647,-41.853286,-73.815421,2026-12-24 09:07:59,internacional,Ancud
648,-41.837441,-73.835194,2026-08-03 17:04:23,residente,Ancud
649,-41.877843,-73.803492,2026-10-07 17:34:12,excursionista,Ancud
650,-42.36783,-73.671614,2026-02-16 08:53:50,nacional,Dalcahue
651,-41.866065,-73.798929,2026-01-18 20:05:07,residente,Ancud
652,-42.456762,-73.787199,2026-10-28 09:47:55,excursionista,Castro
653,-42.361573,-73.640529,2026-05-24 06:34:39,internacional,Dalcahue
654,-42.392707,-73.656779,2026-08-30 20:08:52,internacional,Dalcahue
655,-42.656145,-73.736781,2026-10-28 01:16:39,internacional,Chonchi
656,-43.093531,-73.634419,2026-04-06 04:44:53,internacional,Quellón
657,-42.478992,-73.763632,2026-07-30 07:34:01,excursionista,Castro
658,-43.09853,-73.647778,2026-05-11 02:35:17,nacional,Quellón
659,-43.139201,-73.595933,2026-04-30 10:12:24,nacional,Quellón
660,-41.882745,-73.822773,2026-07-11 02:02:29,nacional,Ancud
661,-41.871598,-73.828025,2026-12-24 18:53:59,internacional,Ancud
662,-42.657294,-74.088222,2026-06-28 01:08:18,nacional,Cucao
663,-42.616649,-74.102655,2026-11-15 10:36:29,residente,Cucao
664,-42.488009,-73.765524,2026-09-15 06:25:29,internacional,Castro
665,-41.878791,-73.786379,2026-12-26 15:20:11,residente,Ancud
666,-43.110327,-73.630525,2026-06-25 20:00:32,excursionista,Quellón
667,-41.858894,-73.814821,2026-10-30 21:32:22,nacional,Ancud
668,-41.854208,-73.80818,2026-05-02 23:00:08,residente,Ancud
669,-42.527956,-73.772415,2026-03-22 15:18:35,residente,Castro
670,-42.412886,-73.642761,2026-02-05 02:47:01,internacional,Dalcahue
671,-43.127593,-73.590101,2026-08-23 07:11:12,nacional,Quellón
672,-41.861453,-73.834061,2026-02-05 10:09:57,internacional,Ancud
673,-42.383133,-73.64734,2026-04-27 01:23:50,excursionista,Dalcahue
674,-41.851724,-73.816744,2026-06-25 14:49:13,internacional,Ancud
675,-42.514171,-73.754324,2026-02-24 06:57:56,nacional,Castro
676,-42.453557,-73.750147,2026-03-28 07:52:32,internacional,Castro
677,-41.861944,-73.835842,2026-09-02 18:47:56,nacional,Ancud
678,-42.659059,-74.128807,2026-01-30 02:55:52,nacional,Cucao
679,-42.474236,-73.737445,2026-11-11 07:12:37,internacional,Castro
680,-42.454595,-73.781012,2026-05-09 18:16:08,nacional,Castro
681,-42.477175,-73.764059,2026-12-25 21:31:55,residente,Castro
682,-43.12168,-73.613901,2026-09-23 08:00:21,residente,Quellón
683,-41.89361,-73.78905,2026-04-17 19:00:57,excursionista,Ancud
684,-42.620046,-73.775397,2026-08-29 11:08:37,internacional,Chonchi
685,-43.123387,-73.59879,2026-08-02 20:47:25,residente,Quellón
686,-42.46753,-73.752736,2026-06-12 19:33:06,internacional,Castro
687,-43.101738,-73.631177,2026-09-02 23:03:25,nacional,Quellón
688,-42.620218,-73.788839,2026-07-31 11:16:25,residente,Chonchi
689,-42.360455,-73.661892,2026-05-31 19:58:33,excursionista,Dalcahue
690,-41.845753,-73.816343,2026-01-12 09:07:40,excursionista,Ancud
691,-42.475275,-73.780969,2026-05-19 19:30:57,internacional,Castro
692,-41.848414,-73.804807,2026-04-14 12:12:42,nacional,Ancud
693,-41.915272,-73.84377,2026-05-31 20:21:37,excursionista,Ancud
694,-41.858899,-73.798734,2026-11-10 02:25:26,excursionista,Ancud
695,-42.597085,-74.103172,2026-08-09 10:53:39,internacional,Cucao
696,-42.59212,-74.119023,2026-11-11 17:29:10,residente,Cucao
697,-42.632179,-74.088621,2026-02-05 01:15:35,nacional,Cucao
698,-41.8726,-73.822453,2026-07-05 15:10:49,nacional,Ancud
699,-42.368097,-73.656756,2026-02-20 16:15:02,excursionista,Dalcahue
700,-43.103931,-73.587493,2026-12-04 04:22:11,excursionista,Quellón
701,-42.458901,-73.758716,2026-12-23 05:08:55,internacional,Castro
702,-42.462239,-73.791369,2026-01-29 04:02:36,excursionista,Castro
703,-43.101326,-73.623046,2026-02-09 05:41:17,excursionista,Quellón
704,-42.40024,-73.6067,2026-10-12 10:00:56,residente,Dalcahue
705,-43.092939,-73.622974,2026-03-09 15:41:11,excursionista,Quellón
706,-41.886423,-73.848793,2026-05-27 22:47:43,excursionista,Ancud
707,-43.121741,-73.625302,2026-10-11 01:11:48,nacional,Quellón
708,-43.10118,-73.622285,2026-10-27 08:39:35,nacional,Quellón
709,-41.902152,-73.844631,2026-08-26 10:29:07,internacional,Ancud
710,-43.156952,-73.633529,2026-02-24 14:53:28,excursionista,Quellón
711,-43.103533,-73.608798,2026-05-05 02:07:47,internacional,Quellón
712,-43.112369,-73.62172,2026-10-03 08:02:25,excursionista,Quellón
713,-42.611283,-73.771317,2026-09-27 04:52:09,nacional,Chonchi
714,-42.37896,-73.6422,2026-01-01 11:56:28,nacional,Dalcahue
715,-42.640981,-73.765093,2026-03-06 14:23:11,residente,Chonchi
716,-42.611267,-73.783526,2026-05-26 18:29:34,nacional,Chonchi
717,-42.617902,-73.79515,2026-10-22 11:20:31,internacional,Chonchi
718,-41.900455,-73.810581,2026-01-13 23:25:47,excursionista,Ancud
719,-42.501141,-73.721759,2026-01-29 19:35:52,excursionista,Castro
720,-41.861574,-73.827202,2026-01-30 03:04:23,nacional,Ancud
721,-42.399216,-73.664628,2026-07-07 11:25:58,nacional,Dalcahue
722,-42.61349,-73.776025,2026-12-12 13:06:05,residente,Chonchi
723,-41.854463,-73.81497,2026-03-15 18:46:53,residente,Ancud
724,-43.156881,-73.630283,2026-07-29 18:20:02,excursionista,Quellón
725,-43.120809,-73.603602,2026-01-20 06:38:09,residente,Quellón
726,-42.644507,-74.114522,2026-01-22 04:01:19,excursionista,Cucao
727,-42.496108,-73.755394,2026-09-15 02:28:32,residente,Castro
728,-41.859649,-73.813284,2026-09-05 20:22:05,excursionista,Ancud
729,-42.491396,-73.760526,2026-11-01 19:34:47,residente,Castro
730,-42.650015,-73.770388,2026-02-05 09:27:26,residente,Chonchi
731,-41.88186,-73.807516,2026-03-14 11:04:44,residente,Ancud
732,-42.48428,-73.741936,2026-03-29 20:43:51,excursionista,Castro
733,-42.596758,-74.096744,2026-09-17 05:15:25,nacional,Cucao
734,-42.498692,-73.790478,2026-06-10 18:38:06,internacional,Castro
735,-42.60808,-74.101441,2026-07-22 22:49:11,residente,Cucao
736,-42.640874,-74.147089,2026-08-11 10:05:02,internacional,Cucao
737,-42.629051,-73.755004,2026-11-28 15:17:45,nacional,Chonchi
738,-42.644172,-74.117494,2026-08-10 22:37:48,internacional,Cucao
739,-42.463937,-73.768161,2026-03-06 22:05:19,internacional,Castro
740,-41.856444,-73.806845,2026-09-23 07:11:27,residente,Ancud
741,-41.844417,-73.820734,2026-11-20 22:27:04,excursionista,Ancud
742,-42.344813,-73.672003,2026-01-27 00:35:48,nacional,Dalcahue
743,-42.644997,-73.780111,2026-11-29 16:18:57,excursionista,Chonchi
744,-42.659943,-74.098588,2026-11-02 11:10:59,residente,Cucao
745,-42.491357,-73.75678,2026-08-17 07:56:35,nacional,Castro
746,-42.49027,-73.765187,2026-04-22 02:34:43,excursionista,Castro
747,-42.625929,-73.746051,2026-08-11 03:38:34,residente,Chonchi
748,-42.474015,-73.745859,2026-08-29 02:27:22,residente,Castro
749,-42.511941,-73.739474,2026-09-26 04:03:16,internacional,Castro
750,-42.483682,-73.802525,2026-12-15 08:56:17,excursionista,Castro
751,-42.499372,-73.734772,2026-05-01 18:15:27,excursionista,Castro
752,-42.606399,-73.793469,2026-12-04 10:44:06,internacional,Chonchi
753,-41.878964,-73.792079,2026-10-28 14:29:27,excursionista,Ancud
754,-42.381858,-73.675116,2026-02-04 16:12:49,internacional,Dalcahue
755,-42.615541,-73.739632,2026-10-15 18:06:21,residente,Chonchi
756,-42.602177,-74.13284,2026-07-20 02:39:42,internacional,Cucao
757,-42.490619,-73.742157,2026-02-22 16:20:52,nacional,Castro
758,-41.857716,-73.788427,2026-11-22 01:11:17,nacional,Ancud
759,-41.864026,-73.819104,2026-05-20 22:56:21,internacional,Ancud
760,-42.392213,-73.635999,2026-06-04 03:46:12,nacional,Dalcahue
761,-43.101143,-73.613284,2026-08-19 16:53:15,residente,Quellón
762,-41.849904,-73.825314,2026-08-03 02:48:09,excursionista,Ancud
763,-42.358861,-73.618124,2026-10-18 20:49:25,nacional,Dalcahue
764,-42.372941,-73.649814,2026-11-28 14:11:29,internacional,Dalcahue
765,-41.88598,-73.841949,2026-04-15 12:02:26,residente,Ancud
766,-42.593511,-74.104162,2026-10-26 02:17:46,nacional,Cucao
767,-42.601525,-73.785916,2026-08-22 11:02:56,nacional,Chonchi
768,-41.870189,-73.787752,2026-04-29 15:05:26,excursionista,Ancud
769,-42.595753,-73.793665,2026-06-28 06:10:17,excursionista,Chonchi
770,-41.896178,-73.814677,2026-11-17 03:08:01,residente,Ancud
771,-42.607354,-74.095183,2026-09-15 05:36:00,excursionista,Cucao
772,-42.639432,-74.127813,2026-04-26 21:59:50,nacional,Cucao
773,-42.574144,-73.751226,2026-09-06 18:46:32,excursionista,Chonchi
774,-42.380585,-73.622504,2026-12-13 13:31:35,excursionista,Dalcahue
775,-41.85167,-73.795508,2026-12-16 09:41:27,nacional,Ancud
776,-42.637614,-74.099147,2026-02-24 08:14:15,nacional,Cucao
777,-43.133267,-73.616351,2026-12-19 05:01:42,residente,Quellón
778,-42.627286,-73.769083,2026-10-02 23:40:51,internacional,Chonchi
779,-42.380474,-73.663428,2026-07-27 15:09:37,residente,Dalcahue
780,-43.127783,-73.60479,2026-03-08 00:23:25,internacional,Quellón
781,-42.370898,-73.645379,2026-04-11 10:48:35,internacional,Dalcahue
782,-43.097011,-73.632078,2026-03-28 07:33:10,excursionista,Quellón
783,-41.870261,-73.835708,2026-11-03 01:32:06,excursionista,Ancud
784,-42.379596,-73.635812,2026-11-27 13:53:18,nacional,Dalcahue
785,-42.599504,-73.76375,2026-08-14 08:54:36,nacional,Chonchi
786,-42.607308,-73.785777,2026-12-03 21:39:54,residente,Chonchi
787,-42.626395,-74.102374,2026-11-28 18:05:30,internacional,Cucao
788,-41.85323,-73.821092,2026-08-10 03:13:33,residente,Ancud
789,-41.881265,-73.7942,2026-10-30 12:15:28,nacional,Ancud
790,-42.649838,-73.726287,2026-05-02 17:13:51,nacional,Chonchi
791,-42.494383,-73.758339,2026-10-28 09:56:11,internacional,Castro
792,-42.622703,-74.128889,2026-10-24 12:58:49,nacional,Cucao
793,-41.888885,-73.837103,2026-06-06 15:53:59,residente,Ancud
794,-42.627309,-73.768859,2026-03-19 10:40:31,excursionista,Chonchi
795,-42.459035,-73.781,2026-07-26 05:35:37,internacional,Castro
796,-42.493824,-73.784639,2026-04-07 15:11:58,internacional,Castro
797,-43.107054,-73.627471,2026-02-09 21:18:36,residente,Quellón
798,-42.633836,-74.113854,2026-11-16 22:46:51,nacional,Cucao
799,-42.359772,-73.657119,2026-07-22 01:26:22,excursionista,Dalcahue
800,-42.578515,-73.810475,2026-05-14 02:30:05,residente,Chonchi
801,-42.378592,-73.661606,2026-12-19 04:52:00,residente,Dalcahue
802,-42.478678,-73.733254,2026-02-20 22:55:35,internacional,Castro
803,-43.097067,-73.613672,2026-02-17 19:57:10,excursionista,Quellón
804,-43.121106,-73.620629,2026-12-07 09:59:00,excursionista,Quellón
805,-42.641887,-74.124986,2026-01-19 15:01:23,nacional,Cucao
806,-43.115285,-73.621451,2026-02-14 23:14:21,residente,Quellón
807,-42.640144,-73.756714,2026-07-04 05:41:39,internacional,Chonchi
808,-41.878273,-73.844202,2026-04-27 22:36:31,residente,Ancud
809,-43.100628,-73.603667,2026-08-30 20:53:45,internacional,Quellón
810,-42.619487,-73.77961,2026-10-07 03:23:12,nacional,Chonchi
811,-42.372165,-73.645197,2026-03-19 03:31:15,internacional,Dalcahue
812,-42.35488,-73.692999,2026-05-20 00:04:23,residente,Dalcahue
813,-42.366488,-73.631615,2026-12-20 13:08:19,internacional,Dalcahue
814,-43.103475,-73.623179,2026-01-02 01:31:12,nacional,Quellón
815,-43.110819,-73.61198,2026-08-11 23:29:29,residente,Quellón
816,-41.839965,-73.830076,2026-01-30 03:30:00,nacional,Ancud
817,-42.390853,-73.666461,2026-04-25 23:07:36,excursionista,Dalcahue
818,-42.592248,-73.761996,2026-12-06 11:34:46,nacional,Chonchi
819,-42.395872,-73.629979,2026-06-15 10:33:47,nacional,Dalcahue
820,-42.460118,-73.79244,2026-01-04 18:09:09,internacional,Castro
821,-43.127873,-73.629432,2026-12-14 09:36:06,residente,Quellón
822,-42.627958,-74.079038,2026-05-25 17:05:24,excursionista,Cucao
823,-41.855959,-73.808364,2026-06-27 07:14:56,excursionista,Ancud
824,-42.63117,-73.791285,2026-06-13 18:54:00,internacional,Chonchi
825,-42.463097,-73.740563,2026-11-24 21:54:39,internacional,Castro
826,-42.503389,-73.749886,2026-11-08 13:38:59,residente,Castro
827,-41.893638,-73.840441,2026-08-26 10:16:24,nacional,Ancud
828,-43.097054,-73.63647,2026-12-13 07:49:54,internacional,Quellón
829,-42.615867,-73.776426,2026-06-09 17:26:49,residente,Chonchi
830,-42.458393,-73.751824,2026-01-05 19:12:19,internacional,Castro
831,-43.102979,-73.63218,2026-09-25 06:52:37,nacional,Quellón
832,-42.630768,-73.783768,2026-05-15 06:37:07,residente,Chonchi
833,-41.857488,-73.839804,2026-08-27 00:46:21,nacional,Ancud
834,-42.489129,-73.770245,2026-11-26 15:48:51,residente,Castro
835,-42.618758,-73.777394,2026-07-10 22:29:28,excursionista,Chonchi
836,-41.876773,-73.807604,2026-07-16 20:55:25,internacional,Ancud
837,-42.635963,-74.122433,2026-04-02 06:21:31,nacional,Cucao
838,-42.645654,-73.764133,2026-02-04 04:24:16,residente,Chonchi
839,-42.643992,-73.725926,2026-10-17 10:07:50,nacional,Chonchi
840,-42.486595,-73.759227,2026-08-02 05:58:18,nacional,Castro
841,-42.470596,-73.806668,2026-09-05 14:17:09,excursionista,Castro
842,-42.648859,-74.118118,2026-06-27 04:09:57,excursionista,Cucao
843,-42.363492,-73.680309,2026-11-24 21:36:32,residente,Dalcahue
844,-42.401865,-73.660037,2026-07-03 17:55:31,excursionista,Dalcahue
845,-43.125991,-73.614205,2026-09-13 21:29:19,internacional,Quellón
846,-42.500997,-73.733551,2026-11-07 15:43:36,excursionista,Castro
847,-42.652346,-74.111957,2026-01-18 18:40:58,internacional,Cucao
848,-42.605435,-73.750116,2026-10-08 05:25:05,residente,Chonchi
849,-42.48292,-73.750117,2026-02-16 21:25:56,residente,Castro
850,-41.899954,-73.811931,2026-10-06 08:56:51,excursionista,Ancud
851,-42.482351,-73.767549,2026-09-03 22:13:44,nacional,Castro
852,-42.646758,-73.765847,2026-07-15 19:27:43,internacional,Chonchi
853,-42.594225,-73.771399,2026-08-03 20:26:35,residente,Chonchi
854,-42.645926,-74.105804,2026-12-24 17:51:18,internacional,Cucao
855,-43.14387,-73.63041,2026-02-19 20:36:17,nacional,Quellón
856,-42.637088,-73.79274,2026-05-05 23:48:04,residente,Chonchi
857,-42.583877,-73.777345,2026-10-24 01:50:48,internacional,Chonchi
858,-42.391813,-73.640927,2026-04-25 05:53:46,residente,Dalcahue
859,-41.8539,-73.80164,2026-12-11 06:11:25,excursionista,Ancud
860,-43.133125,-73.621223,2026-10-14 03:38:51,internacional,Quellón
861,-41.862564,-73.792712,2026-09-24 15:40:52,excursionista,Ancud
862,-43.099151,-73.59562,2026-03-11 01:20:04,excursionista,Quellón
863,-43.105646,-73.605475,2026-07-06 13:22:19,residente,Quellón
864,-43.118663,-73.651139,2026-04-22 01:02:30,residente,Quellón
865,-42.486631,-73.76258,2026-02-26 10:32:35,nacional,Castro
866,-43.104901,-73.61166,2026-11-02 01:41:26,internacional,Quellón
867,-42.382716,-73.660055,2026-01-25 02:11:16,excursionista,Dalcahue
868,-41.869596,-73.824912,2026-11-13 03:16:27,residente,Ancud
869,-42.502733,-73.78,2026-08-07 05:08:51,internacional,Castro
870,-43.12896,-73.63086,2026-07-18 10:08:27,excursionista,Quellón
871,-43.139248,-73.651933,2026-05-31 12:16:16,residente,Quellón
872,-43.126951,-73.595531,2026-01-06 00:50:41,excursionista,Quellón
873,-41.89249,-73.841853,2026-12-04 22:05:18,residente,Ancud
874,-41.845825,-73.835141,2026-09-09 12:22:16,excursionista,Ancud
875,-42.648037,-74.115168,2026-10-29 10:12:43,internacional,Cucao
876,-42.427511,-73.634504,2026-01-29 22:06:04,internacional,Dalcahue
877,-41.87055,-73.829335,2026-01-16 18:44:18,residente,Ancud
878,-42.387508,-73.654108,2026-08-15 19:08:40,excursionista,Dalcahue
879,-42.496326,-73.73724,2026-03-02 02:53:37,nacional,Castro
880,-41.847835,-73.83082,2026-10-28 11:02:33,excursionista,Ancud
881,-42.617954,-73.794241,2026-01-29 07:17:53,excursionista,Chonchi
882,-42.622447,-74.096829,2026-01-27 11:27:02,internacional,Cucao
883,-42.641229,-73.777092,2026-05-16 16:40:17,internacional,Chonchi
884,-41.878062,-73.834107,2026-04-25 00:18:40,internacional,Ancud
885,-42.684227,-74.119668,2026-11-16 21:19:56,nacional,Cucao
886,-42.492134,-73.779071,2026-12-18 06:31:04,internacional,Castro
887,-42.489112,-73.776436,2026-12-22 17:06:32,nacional,Castro
888,-42.624796,-73.743343,2026-01-10 14:16:26,excursionista,Chonchi
889,-42.618231,-74.126583,2026-01-18 00:43:37,excursionista,Cucao
890,-43.110559,-73.596375,2026-02-07 06:22:43,internacional,Quellón
891,-42.649329,-74.113336,2026-03-23 20:37:32,internacional,Cucao
892,-43.125694,-73.612734,2026-07-28 20:13:57,residente,Quellón
893,-43.115364,-73.622961,2026-09-24 10:23:21,internacional,Quellón
894,-42.498233,-73.757905,2026-02-03 23:45:14,nacional,Castro
895,-42.476605,-73.749666,2026-01-28 08:34:04,internacional,Castro
896,-42.395088,-73.639989,2026-06-07 01:43:43,residente,Dalcahue
897,-42.351827,-73.647948,2026-07-27 17:01:03,nacional,Dalcahue
898,-43.119408,-73.622993,2026-10-17 16:46:03,nacional,Quellón
899,-43.108396,-73.630411,2026-07-15 06:46:48,nacional,Quellón
900,-42.375098,-73.665636,2026-02-03 14:17:13,excursionista,Dalcahue
901,-42.648186,-73.74952,2026-01-12 23:15:19,residente,Chonchi
902,-41.879233,-73.822335,2026-06-01 20:18:53,excursionista,Ancud
903,-43.101483,-73.595306,2026-12-22 00:40:18,excursionista,Quellón
904,-42.504225,-73.76956,2026-02-17 20:38:05,nacional,Castro
905,-42.49877,-73.769949,2026-08-01 15:18:25,nacional,Castro
906,-42.371247,-73.622122,2026-10-09 22:13:35,excursionista,Dalcahue
907,-41.891829,-73.806769,2026-07-19 01:20:14,internacional,Ancud
908,-41.859653,-73.79748,2026-04-09 03:43:26,internacional,Ancud
909,-42.469107,-73.732679,2026-11-27 23:33:22,nacional,Castro
910,-42.646666,-74.102621,2026-04-23 21:04:45,nacional,Cucao
911,-42.35499,-73.634051,2026-07-09 04:56:37,excursionista,Dalcahue
912,-42.360398,-73.631848,2026-02-08 20:29:15,excursionista,Dalcahue
913,-42.613913,-74.103087,2026-07-08 16:33:17,residente,Cucao
914,-42.390047,-73.661065,2026-08-15 20:51:30,internacional,Dalcahue
915,-42.654444,-74.121431,2026-06-16 08:06:51,internacional,Cucao
916,-42.494821,-73.732868,2026-10-04 14:10:37,residente,Castro
917,-42.373414,-73.658959,2026-10-12 15:48:05,excursionista,Dalcahue
918,-42.640108,-73.768275,2026-04-29 15:12:12,residente,Chonchi
919,-42.604504,-74.091722,2026-02-01 20:03:00,excursionista,Cucao
920,-41.860466,-73.827813,2026-10-12 21:07:52,nacional,Ancud
921,-43.115094,-73.615007,2026-07-16 23:14:40,nacional,Quellón
922,-42.651713,-74.122763,2026-03-24 15:04:23,nacional,Cucao
923,-42.627142,-74.07005,2026-07-29 14:09:19,residente,Cucao
924,-43.115492,-73.633564,2026-03-28 17:22:07,excursionista,Quellón
925,-41.890686,-73.815568,2026-06-04 02:18:20,excursionista,Ancud
926,-42.61133,-74.107216,2026-11-10 05:29:53,internacional,Cucao
927,-42.617862,-74.099916,2026-08-08 22:49:55,internacional,Cucao
928,-43.123006,-73.658922,2026-01-16 16:44:24,internacional,Quellón
929,-42.621986,-73.758188,2026-04-01 21:12:43,nacional,Chonchi
930,-43.107658,-73.578744,2026-05-21 07:06:24,residente,Quellón
931,-42.591258,-73.79054,2026-01-16 11:56:19,excursionista,Chonchi
932,-42.488863,-73.782934,2026-11-19 04:52:19,excursionista,Castro
933,-43.120086,-73.59411,2026-03-09 12:23:51,residente,Quellón
934,-43.135513,-73.600036,2026-12-15 20:04:43,nacional,Quellón
935,-42.625081,-74.059804,2026-03-28 13:34:17,residente,Cucao
936,-42.371811,-73.665904,2026-11-04 20:06:10,residente,Dalcahue
937,-42.587416,-74.106558,2026-06-20 20:09:11,internacional,Cucao
938,-41.846822,-73.808262,2026-03-24 03:28:56,internacional,Ancud
939,-41.856267,-73.79989,2026-11-14 06:34:23,nacional,Ancud
940,-43.114152,-73.583984,2026-10-07 17:16:09,nacional,Quellón
941,-42.632906,-73.790528,2026-08-18 10:34:13,internacional,Chonchi
942,-43.116282,-73.619921,2026-01-17 18:08:03,internacional,Quellón
943,-42.632699,-74.113409,2026-07-19 02:10:38,nacional,Cucao
944,-42.618046,-74.099443,2026-12-25 05:49:40,internacional,Cucao
945,-42.601088,-74.114415,2026-08-07 21:10:35,nacional,Cucao
946,-43.122808,-73.649686,2026-02-03 07:14:02,internacional,Quellón
947,-42.63954,-73.784811,2026-07-07 01:28:29,internacional,Chonchi
948,-41.857899,-73.841651,2026-11-05 14:21:30,internacional,Ancud
949,-42.632187,-74.119997,2026-10-09 05:54:36,excursionista,Cucao
950,-42.629186,-73.776075,2026-05-27 21:11:07,residente,Chonchi
951,-41.860305,-73.812669,2026-11-30 19:58:30,residente,Ancud
952,-41.878567,-73.827224,2026-12-17 03:35:51,nacional,Ancud
953,-42.633599,-74.108288,2026-07-07 06:48:40,internacional,Cucao
954,-42.625455,-74.108316,2026-12-31 04:19:19,residente,Cucao
955,-42.656832,-74.09056,2026-09-28 22:30:08,residente,Cucao
956,-41.850577,-73.828092,2026-10-26 12:32:21,residente,Ancud
957,-42.40369,-73.666513,2026-10-23 18:03:36,nacional,Dalcahue
958,-42.609936,-73.756919,2026-04-01 07:10:37,nacional,Chonchi
959,-42.396984,-73.663858,2026-04-11 02:54:59,internacional,Dalcahue
960,-42.490666,-73.792732,2026-08-13 11:13:50,nacional,Castro
961,-42.598383,-74.106914,2026-09-25 02:27:02,excursionista,Cucao
962,-42.630368,-73.764253,2026-09-11 01:07:40,excursionista,Chonchi
963,-42.367022,-73.665731,2026-05-23 00:02:59,excursionista,Dalcahue
964,-43.127913,-73.609303,2026-08-03 09:59:27,residente,Quellón
965,-41.8854,-73.803625,2026-04-09 13:22:44,excursionista,Ancud
966,-42.640326,-74.084758,2026-10-13 17:59:21,internacional,Cucao
967,-43.108668,-73.607751,2026-11-01 03:06:26,internacional,Quellón
968,-42.478567,-73.744242,2026-05-12 10:28:09,nacional,Castro
969,-41.889322,-73.80388,2026-11-09 09:15:57,nacional,Ancud
970,-41.89369,-73.815984,2026-02-04 05:31:50,nacional,Ancud
971,-42.377303,-73.643563,2026-01-15 15:54:18,residente,Dalcahue
972,-42.640076,-73.786536,2026-10-04 08:38:49,nacional,Chonchi
973,-41.882009,-73.835234,2026-03-20 08:02:51,excursionista,Ancud
974,-41.84589,-73.815196,2026-07-20 07:43:53,internacional,Ancud
975,-42.622236,-74.103833,2026-04-03 22:02:00,nacional,Cucao
976,-41.857336,-73.812793,2026-06-05 02:59:30,excursionista,Ancud
977,-43.137104,-73.601964,2026-07-21 01:42:42,nacional,Quellón
978,-43.129799,-73.655272,2026-08-02 10:34:29,excursionista,Quellón
979,-43.098997,-73.651653,2026-05-16 04:28:58,excursionista,Quellón
980,-42.37174,-73.60508,2026-06-26 14:39:40,residente,Dalcahue
981,-42.613439,-74.107774,2026-07-16 14:28:51,nacional,Cucao
982,-42.6111,-74.101498,2026-02-15 10:36:10,excursionista,Cucao
983,-42.615502,-74.129815,2026-09-27 14:20:13,residente,Cucao
984,-42.65206,-73.784129,2026-10-22 04:09:45,excursionista,Chonchi
985,-42.639576,-73.807053,2026-12-01 18:38:21,nacional,Chonchi
986,-42.618586,-73.767708,2026-09-04 02:09:21,internacional,Chonchi
987,-43.127955,-73.647394,2026-06-10 04:05:19,excursionista,Quellón
988,-42.651865,-74.114312,2026-04-13 06:35:49,internacional,Cucao
989,-42.356132,-73.635938,2026-11-15 20:58:14,excursionista,Dalcahue
990,-42.493231,-73.765793,2026-05-02 21:30:22,excursionista,Castro
991,-41.858477,-73.829083,2026-10-17 18:40:49,internacional,Ancud
992,-42.624665,-73.785328,2026-04-05 00:07:48,excursionista,Chonchi
993,-41.865249,-73.786425,2026-11-21 19:12:16,excursionista,Ancud
994,-41.868055,-73.829247,2026-01-31 11:33:25,residente,Ancud
995,-42.589124,-74.106623,2026-01-17 09:55:15,residente,Cucao
996,-42.393819,-73.665212,2026-12-09 03:23:46,excursionista,Dalcahue
997,-42.611073,-73.744281,2026-07-18 12:06:38,excursionista,Chonchi
998,-42.619483,-73.748961,2026-01-22 00:41:51,residente,Chonchi
999,-42.619297,-73.773914,2026-05-15 20:58:03,residente,Chonchi
1000,-43.114976,-73.636235,2026-02-16 17:54:45,residente,Quellón
